batch_size,blank_count,cell_accuracy,checkpoint,clue_violations,complete_valid,dataset,elapsed_ms,exact,example_id,experiment,invalid,method,runtime_multiplier,seed,unit_conflicts,votes
3,1,0.7654320987654321,checkpoints/sudoku_extreme_hf/checkpoint,19,0,blanks_1,1542.192233999998,0,0,test_time_voting,1,single,3,0,17,3
3,1,0.8765432098765432,checkpoints/sudoku_extreme_hf/checkpoint,10,0,blanks_1,1542.192233999998,0,0,test_time_voting,1,majority,3,0,21,3
3,1,0.8148148148148148,checkpoints/sudoku_extreme_hf/checkpoint,15,1,blanks_1,1542.192233999998,0,0,test_time_voting,1,rerank,3,0,0,3
3,1,0.7283950617283951,checkpoints/sudoku_extreme_hf/checkpoint,21,1,blanks_1,703.0579289999963,0,1,test_time_voting,1,single,3,0,0,3
3,1,0.8765432098765432,checkpoints/sudoku_extreme_hf/checkpoint,9,0,blanks_1,703.0579289999963,0,1,test_time_voting,1,majority,3,0,24,3
3,1,0.8148148148148148,checkpoints/sudoku_extreme_hf/checkpoint,14,1,blanks_1,703.0579289999963,0,1,test_time_voting,1,rerank,3,0,0,3
3,1,0.9506172839506173,checkpoints/sudoku_extreme_hf/checkpoint,4,1,blanks_1,729.802878000001,0,2,test_time_voting,1,single,3,0,0,3
3,1,0.9506172839506173,checkpoints/sudoku_extreme_hf/checkpoint,4,0,blanks_1,729.802878000001,0,2,test_time_voting,1,majority,3,0,6,3
3,1,0.9506172839506173,checkpoints/sudoku_extreme_hf/checkpoint,4,1,blanks_1,729.802878000001,0,2,test_time_voting,1,rerank,3,0,0,3
3,1,1.0,checkpoints/sudoku_extreme_hf/checkpoint,0,1,blanks_1,762.4333920000055,1,3,test_time_voting,0,single,3,0,0,3
3,1,0.9876543209876543,checkpoints/sudoku_extreme_hf/checkpoint,1,0,blanks_1,762.4333920000055,0,3,test_time_voting,1,majority,3,0,3,3
3,1,1.0,checkpoints/sudoku_extreme_hf/checkpoint,0,1,blanks_1,762.4333920000055,1,3,test_time_voting,0,rerank,3,0,0,3
3,1,0.8271604938271605,checkpoints/sudoku_extreme_hf/checkpoint,14,1,blanks_1,707.6508490000037,0,4,test_time_voting,1,single,3,0,0,3
3,1,0.9753086419753086,checkpoints/sudoku_extreme_hf/checkpoint,2,0,blanks_1,707.6508490000037,0,4,test_time_voting,1,majority,3,0,6,3
3,1,0.8641975308641975,checkpoints/sudoku_extreme_hf/checkpoint,11,1,blanks_1,707.6508490000037,0,4,test_time_voting,1,rerank,3,0,0,3
3,1,0.8024691358024691,checkpoints/sudoku_extreme_hf/checkpoint,16,1,blanks_1,626.3775750000065,0,5,test_time_voting,1,single,3,0,0,3
3,1,0.8641975308641975,checkpoints/sudoku_extreme_hf/checkpoint,11,0,blanks_1,626.3775750000065,0,5,test_time_voting,1,majority,3,0,17,3
3,1,0.8888888888888888,checkpoints/sudoku_extreme_hf/checkpoint,9,1,blanks_1,626.3775750000065,0,5,test_time_voting,1,rerank,3,0,0,3
3,1,0.8395061728395061,checkpoints/sudoku_extreme_hf/checkpoint,13,1,blanks_1,467.099429000001,0,6,test_time_voting,1,single,3,0,0,3
3,1,0.9382716049382716,checkpoints/sudoku_extreme_hf/checkpoint,5,0,blanks_1,467.099429000001,0,6,test_time_voting,1,majority,3,0,8,3
3,1,0.9506172839506173,checkpoints/sudoku_extreme_hf/checkpoint,4,1,blanks_1,467.099429000001,0,6,test_time_voting,1,rerank,3,0,0,3
3,1,0.7530864197530864,checkpoints/sudoku_extreme_hf/checkpoint,19,0,blanks_1,389.1262169999976,0,7,test_time_voting,1,single,3,0,17,3
3,1,0.9506172839506173,checkpoints/sudoku_extreme_hf/checkpoint,4,0,blanks_1,389.1262169999976,0,7,test_time_voting,1,majority,3,0,5,3
3,1,0.8271604938271605,checkpoints/sudoku_extreme_hf/checkpoint,14,1,blanks_1,389.1262169999976,0,7,test_time_voting,1,rerank,3,0,0,3
3,1,0.8395061728395061,checkpoints/sudoku_extreme_hf/checkpoint,13,1,blanks_1,426.82052199999987,0,8,test_time_voting,1,single,3,0,0,3
3,1,0.8641975308641975,checkpoints/sudoku_extreme_hf/checkpoint,11,0,blanks_1,426.82052199999987,0,8,test_time_voting,1,majority,3,0,25,3
3,1,0.8518518518518519,checkpoints/sudoku_extreme_hf/checkpoint,12,1,blanks_1,426.82052199999987,0,8,test_time_voting,1,rerank,3,0,0,3
3,1,0.8148148148148148,checkpoints/sudoku_extreme_hf/checkpoint,15,1,blanks_1,436.25525499999185,0,9,test_time_voting,1,single,3,0,0,3
3,1,1.0,checkpoints/sudoku_extreme_hf/checkpoint,0,1,blanks_1,436.25525499999185,1,9,test_time_voting,0,majority,3,0,0,3
3,1,1.0,checkpoints/sudoku_extreme_hf/checkpoint,0,1,blanks_1,436.25525499999185,1,9,test_time_voting,0,rerank,3,0,0,3
3,1,0.7901234567901234,checkpoints/sudoku_extreme_hf/checkpoint,17,1,blanks_1,440.507218999997,0,10,test_time_voting,1,single,3,0,0,3
3,1,0.9259259259259259,checkpoints/sudoku_extreme_hf/checkpoint,6,0,blanks_1,440.507218999997,0,10,test_time_voting,1,majority,3,0,15,3
3,1,0.9259259259259259,checkpoints/sudoku_extreme_hf/checkpoint,6,1,blanks_1,440.507218999997,0,10,test_time_voting,1,rerank,3,0,0,3
3,1,0.8024691358024691,checkpoints/sudoku_extreme_hf/checkpoint,15,1,blanks_1,431.28344699999843,0,11,test_time_voting,1,single,3,0,0,3
3,1,0.9629629629629629,checkpoints/sudoku_extreme_hf/checkpoint,3,0,blanks_1,431.28344699999843,0,11,test_time_voting,1,majority,3,0,9,3
3,1,0.8024691358024691,checkpoints/sudoku_extreme_hf/checkpoint,15,1,blanks_1,431.28344699999843,0,11,test_time_voting,1,rerank,3,0,0,3
3,1,0.8271604938271605,checkpoints/sudoku_extreme_hf/checkpoint,14,1,blanks_1,386.93652999999983,0,12,test_time_voting,1,single,3,0,0,3
3,1,0.9135802469135802,checkpoints/sudoku_extreme_hf/checkpoint,7,0,blanks_1,386.93652999999983,0,12,test_time_voting,1,majority,3,0,15,3
3,1,0.9506172839506173,checkpoints/sudoku_extreme_hf/checkpoint,4,1,blanks_1,386.93652999999983,0,12,test_time_voting,1,rerank,3,0,0,3
3,1,0.7407407407407407,checkpoints/sudoku_extreme_hf/checkpoint,20,1,blanks_1,405.6494459999982,0,13,test_time_voting,1,single,3,0,0,3
3,1,0.9506172839506173,checkpoints/sudoku_extreme_hf/checkpoint,4,1,blanks_1,405.6494459999982,0,13,test_time_voting,1,majority,3,0,0,3
3,1,0.9506172839506173,checkpoints/sudoku_extreme_hf/checkpoint,4,1,blanks_1,405.6494459999982,0,13,test_time_voting,1,rerank,3,0,0,3
3,1,0.8765432098765432,checkpoints/sudoku_extreme_hf/checkpoint,10,1,blanks_1,426.1653349999932,0,14,test_time_voting,1,single,3,0,0,3
3,1,0.9259259259259259,checkpoints/sudoku_extreme_hf/checkpoint,6,0,blanks_1,426.1653349999932,0,14,test_time_voting,1,majority,3,0,8,3
3,1,0.8765432098765432,checkpoints/sudoku_extreme_hf/checkpoint,10,1,blanks_1,426.1653349999932,0,14,test_time_voting,1,rerank,3,0,0,3
3,1,1.0,checkpoints/sudoku_extreme_hf/checkpoint,0,1,blanks_1,447.41895699999645,1,15,test_time_voting,0,single,3,0,0,3
3,1,0.9753086419753086,checkpoints/sudoku_extreme_hf/checkpoint,2,0,blanks_1,447.41895699999645,0,15,test_time_voting,1,majority,3,0,6,3
3,1,1.0,checkpoints/sudoku_extreme_hf/checkpoint,0,1,blanks_1,447.41895699999645,1,15,test_time_voting,0,rerank,3,0,0,3
3,2,0.691358024691358,checkpoints/sudoku_extreme_hf/checkpoint,24,0,blanks_2,435.64918300000954,0,0,test_time_voting,1,single,3,0,6,3
3,2,0.8024691358024691,checkpoints/sudoku_extreme_hf/checkpoint,15,0,blanks_2,435.64918300000954,0,0,test_time_voting,1,majority,3,0,16,3
3,2,0.8518518518518519,checkpoints/sudoku_extreme_hf/checkpoint,11,1,blanks_2,435.64918300000954,0,0,test_time_voting,1,rerank,3,0,0,3
3,2,0.8271604938271605,checkpoints/sudoku_extreme_hf/checkpoint,13,1,blanks_2,461.6185389999998,0,1,test_time_voting,1,single,3,0,0,3
3,2,1.0,checkpoints/sudoku_extreme_hf/checkpoint,0,1,blanks_2,461.6185389999998,1,1,test_time_voting,0,majority,3,0,0,3
3,2,1.0,checkpoints/sudoku_extreme_hf/checkpoint,0,1,blanks_2,461.6185389999998,1,1,test_time_voting,0,rerank,3,0,0,3
3,2,1.0,checkpoints/sudoku_extreme_hf/checkpoint,0,1,blanks_2,398.73676199999863,1,2,test_time_voting,0,single,3,0,0,3
3,2,0.9876543209876543,checkpoints/sudoku_extreme_hf/checkpoint,1,0,blanks_2,398.73676199999863,0,2,test_time_voting,1,majority,3,0,3,3
3,2,1.0,checkpoints/sudoku_extreme_hf/checkpoint,0,1,blanks_2,398.73676199999863,1,2,test_time_voting,0,rerank,3,0,0,3
3,2,0.7530864197530864,checkpoints/sudoku_extreme_hf/checkpoint,19,1,blanks_2,387.5838470000019,0,3,test_time_voting,1,single,3,0,0,3
3,2,0.9135802469135802,checkpoints/sudoku_extreme_hf/checkpoint,7,0,blanks_2,387.5838470000019,0,3,test_time_voting,1,majority,3,0,20,3
3,2,0.8395061728395061,checkpoints/sudoku_extreme_hf/checkpoint,12,1,blanks_2,387.5838470000019,0,3,test_time_voting,1,rerank,3,0,0,3
3,2,0.8641975308641975,checkpoints/sudoku_extreme_hf/checkpoint,10,1,blanks_2,446.29966200000126,0,4,test_time_voting,1,single,3,0,0,3
3,2,1.0,checkpoints/sudoku_extreme_hf/checkpoint,0,1,blanks_2,446.29966200000126,1,4,test_time_voting,0,majority,3,0,0,3
3,2,0.9012345679012346,checkpoints/sudoku_extreme_hf/checkpoint,8,1,blanks_2,446.29966200000126,0,4,test_time_voting,1,rerank,3,0,0,3
3,2,0.7160493827160493,checkpoints/sudoku_extreme_hf/checkpoint,22,1,blanks_2,430.8459810000045,0,5,test_time_voting,1,single,3,0,0,3
3,2,0.8024691358024691,checkpoints/sudoku_extreme_hf/checkpoint,15,0,blanks_2,430.8459810000045,0,5,test_time_voting,1,majority,3,0,21,3
3,2,0.8024691358024691,checkpoints/sudoku_extreme_hf/checkpoint,15,1,blanks_2,430.8459810000045,0,5,test_time_voting,1,rerank,3,0,0,3
3,2,0.8271604938271605,checkpoints/sudoku_extreme_hf/checkpoint,14,1,blanks_2,458.8787360000026,0,6,test_time_voting,1,single,3,0,0,3
3,2,0.9259259259259259,checkpoints/sudoku_extreme_hf/checkpoint,6,0,blanks_2,458.8787360000026,0,6,test_time_voting,1,majority,3,0,18,3
3,2,0.8888888888888888,checkpoints/sudoku_extreme_hf/checkpoint,8,1,blanks_2,458.8787360000026,0,6,test_time_voting,1,rerank,3,0,0,3
3,2,0.7037037037037037,checkpoints/sudoku_extreme_hf/checkpoint,23,1,blanks_2,378.68413699999337,0,7,test_time_voting,1,single,3,0,0,3
3,2,0.9259259259259259,checkpoints/sudoku_extreme_hf/checkpoint,6,0,blanks_2,378.68413699999337,0,7,test_time_voting,1,majority,3,0,16,3
3,2,0.8765432098765432,checkpoints/sudoku_extreme_hf/checkpoint,10,1,blanks_2,378.68413699999337,0,7,test_time_voting,1,rerank,3,0,0,3
3,2,0.7037037037037037,checkpoints/sudoku_extreme_hf/checkpoint,24,1,blanks_2,418.88913999999033,0,8,test_time_voting,1,single,3,0,0,3
3,2,0.9753086419753086,checkpoints/sudoku_extreme_hf/checkpoint,2,0,blanks_2,418.88913999999033,0,8,test_time_voting,1,majority,3,0,6,3
3,2,0.8765432098765432,checkpoints/sudoku_extreme_hf/checkpoint,9,1,blanks_2,418.88913999999033,0,8,test_time_voting,1,rerank,3,0,0,3
3,2,0.9506172839506173,checkpoints/sudoku_extreme_hf/checkpoint,4,1,blanks_2,415.1161620000039,0,9,test_time_voting,1,single,3,0,0,3
3,2,1.0,checkpoints/sudoku_extreme_hf/checkpoint,0,1,blanks_2,415.1161620000039,1,9,test_time_voting,0,majority,3,0,0,3
3,2,1.0,checkpoints/sudoku_extreme_hf/checkpoint,0,1,blanks_2,415.1161620000039,1,9,test_time_voting,0,rerank,3,0,0,3
3,2,0.8518518518518519,checkpoints/sudoku_extreme_hf/checkpoint,11,1,blanks_2,416.0558490000028,0,10,test_time_voting,1,single,3,0,0,3
3,2,1.0,checkpoints/sudoku_extreme_hf/checkpoint,0,1,blanks_2,416.0558490000028,1,10,test_time_voting,0,majority,3,0,0,3
3,2,0.9506172839506173,checkpoints/sudoku_extreme_hf/checkpoint,4,1,blanks_2,416.0558490000028,0,10,test_time_voting,1,rerank,3,0,0,3
3,2,1.0,checkpoints/sudoku_extreme_hf/checkpoint,0,1,blanks_2,429.1862290000097,1,11,test_time_voting,0,single,3,0,0,3
3,2,1.0,checkpoints/sudoku_extreme_hf/checkpoint,0,1,blanks_2,429.1862290000097,1,11,test_time_voting,0,majority,3,0,0,3
3,2,1.0,checkpoints/sudoku_extreme_hf/checkpoint,0,1,blanks_2,429.1862290000097,1,11,test_time_voting,0,rerank,3,0,0,3
3,2,0.9259259259259259,checkpoints/sudoku_extreme_hf/checkpoint,5,1,blanks_2,425.356696999998,0,12,test_time_voting,1,single,3,0,0,3
3,2,0.9753086419753086,checkpoints/sudoku_extreme_hf/checkpoint,2,0,blanks_2,425.356696999998,0,12,test_time_voting,1,majority,3,0,6,3
3,2,1.0,checkpoints/sudoku_extreme_hf/checkpoint,0,1,blanks_2,425.356696999998,1,12,test_time_voting,0,rerank,3,0,0,3
3,2,0.8641975308641975,checkpoints/sudoku_extreme_hf/checkpoint,10,1,blanks_2,394.4502140000026,0,13,test_time_voting,1,single,3,0,0,3
3,2,1.0,checkpoints/sudoku_extreme_hf/checkpoint,0,1,blanks_2,394.4502140000026,1,13,test_time_voting,0,majority,3,0,0,3
3,2,0.9135802469135802,checkpoints/sudoku_extreme_hf/checkpoint,7,1,blanks_2,394.4502140000026,0,13,test_time_voting,1,rerank,3,0,0,3
3,2,1.0,checkpoints/sudoku_extreme_hf/checkpoint,0,1,blanks_2,423.0275040000038,1,14,test_time_voting,0,single,3,0,0,3
3,2,1.0,checkpoints/sudoku_extreme_hf/checkpoint,0,1,blanks_2,423.0275040000038,1,14,test_time_voting,0,majority,3,0,0,3
3,2,1.0,checkpoints/sudoku_extreme_hf/checkpoint,0,1,blanks_2,423.0275040000038,1,14,test_time_voting,0,rerank,3,0,0,3
3,2,0.7901234567901234,checkpoints/sudoku_extreme_hf/checkpoint,17,1,blanks_2,391.64792600000453,0,15,test_time_voting,1,single,3,0,0,3
3,2,0.9506172839506173,checkpoints/sudoku_extreme_hf/checkpoint,4,0,blanks_2,391.64792600000453,0,15,test_time_voting,1,majority,3,0,6,3
3,2,0.9012345679012346,checkpoints/sudoku_extreme_hf/checkpoint,8,1,blanks_2,391.64792600000453,0,15,test_time_voting,1,rerank,3,0,0,3
3,5,1.0,checkpoints/sudoku_extreme_hf/checkpoint,0,1,blanks_5,409.7509249999973,1,0,test_time_voting,0,single,3,0,0,3
3,5,1.0,checkpoints/sudoku_extreme_hf/checkpoint,0,1,blanks_5,409.7509249999973,1,0,test_time_voting,0,majority,3,0,0,3
3,5,1.0,checkpoints/sudoku_extreme_hf/checkpoint,0,1,blanks_5,409.7509249999973,1,0,test_time_voting,0,rerank,3,0,0,3
3,5,0.8765432098765432,checkpoints/sudoku_extreme_hf/checkpoint,8,1,blanks_5,389.4556750000078,0,1,test_time_voting,1,single,3,0,0,3
3,5,1.0,checkpoints/sudoku_extreme_hf/checkpoint,0,1,blanks_5,389.4556750000078,1,1,test_time_voting,0,majority,3,0,0,3
3,5,1.0,checkpoints/sudoku_extreme_hf/checkpoint,0,1,blanks_5,389.4556750000078,1,1,test_time_voting,0,rerank,3,0,0,3
3,5,1.0,checkpoints/sudoku_extreme_hf/checkpoint,0,1,blanks_5,380.39145300000143,1,2,test_time_voting,0,single,3,0,0,3
3,5,1.0,checkpoints/sudoku_extreme_hf/checkpoint,0,1,blanks_5,380.39145300000143,1,2,test_time_voting,0,majority,3,0,0,3
3,5,1.0,checkpoints/sudoku_extreme_hf/checkpoint,0,1,blanks_5,380.39145300000143,1,2,test_time_voting,0,rerank,3,0,0,3
3,5,1.0,checkpoints/sudoku_extreme_hf/checkpoint,0,1,blanks_5,401.2230010000053,1,3,test_time_voting,0,single,3,0,0,3
3,5,1.0,checkpoints/sudoku_extreme_hf/checkpoint,0,1,blanks_5,401.2230010000053,1,3,test_time_voting,0,majority,3,0,0,3
3,5,1.0,checkpoints/sudoku_extreme_hf/checkpoint,0,1,blanks_5,401.2230010000053,1,3,test_time_voting,0,rerank,3,0,0,3
3,5,1.0,checkpoints/sudoku_extreme_hf/checkpoint,0,1,blanks_5,451.9446620000025,1,4,test_time_voting,0,single,3,0,0,3
3,5,1.0,checkpoints/sudoku_extreme_hf/checkpoint,0,1,blanks_5,451.9446620000025,1,4,test_time_voting,0,majority,3,0,0,3
3,5,1.0,checkpoints/sudoku_extreme_hf/checkpoint,0,1,blanks_5,451.9446620000025,1,4,test_time_voting,0,rerank,3,0,0,3
3,5,1.0,checkpoints/sudoku_extreme_hf/checkpoint,0,1,blanks_5,430.7034019999918,1,5,test_time_voting,0,single,3,0,0,3
3,5,1.0,checkpoints/sudoku_extreme_hf/checkpoint,0,1,blanks_5,430.7034019999918,1,5,test_time_voting,0,majority,3,0,0,3
3,5,1.0,checkpoints/sudoku_extreme_hf/checkpoint,0,1,blanks_5,430.7034019999918,1,5,test_time_voting,0,rerank,3,0,0,3
3,5,0.8641975308641975,checkpoints/sudoku_extreme_hf/checkpoint,9,1,blanks_5,440.98660999999595,0,6,test_time_voting,1,single,3,0,0,3
3,5,1.0,checkpoints/sudoku_extreme_hf/checkpoint,0,1,blanks_5,440.98660999999595,1,6,test_time_voting,0,majority,3,0,0,3
3,5,1.0,checkpoints/sudoku_extreme_hf/checkpoint,0,1,blanks_5,440.98660999999595,1,6,test_time_voting,0,rerank,3,0,0,3
3,5,0.9012345679012346,checkpoints/sudoku_extreme_hf/checkpoint,7,1,blanks_5,373.8674599999996,0,7,test_time_voting,1,single,3,0,0,3
3,5,1.0,checkpoints/sudoku_extreme_hf/checkpoint,0,1,blanks_5,373.8674599999996,1,7,test_time_voting,0,majority,3,0,0,3
3,5,1.0,checkpoints/sudoku_extreme_hf/checkpoint,0,1,blanks_5,373.8674599999996,1,7,test_time_voting,0,rerank,3,0,0,3
3,5,0.8024691358024691,checkpoints/sudoku_extreme_hf/checkpoint,11,1,blanks_5,402.2415159999895,0,8,test_time_voting,1,single,3,0,0,3
3,5,0.9382716049382716,checkpoints/sudoku_extreme_hf/checkpoint,3,0,blanks_5,402.2415159999895,0,8,test_time_voting,1,majority,3,0,15,3
3,5,1.0,checkpoints/sudoku_extreme_hf/checkpoint,0,1,blanks_5,402.2415159999895,1,8,test_time_voting,0,rerank,3,0,0,3
3,5,1.0,checkpoints/sudoku_extreme_hf/checkpoint,0,1,blanks_5,407.6086159999903,1,9,test_time_voting,0,single,3,0,0,3
3,5,1.0,checkpoints/sudoku_extreme_hf/checkpoint,0,1,blanks_5,407.6086159999903,1,9,test_time_voting,0,majority,3,0,0,3
3,5,1.0,checkpoints/sudoku_extreme_hf/checkpoint,0,1,blanks_5,407.6086159999903,1,9,test_time_voting,0,rerank,3,0,0,3
3,5,1.0,checkpoints/sudoku_extreme_hf/checkpoint,0,1,blanks_5,447.4366809999992,1,10,test_time_voting,0,single,3,0,0,3
3,5,1.0,checkpoints/sudoku_extreme_hf/checkpoint,0,1,blanks_5,447.4366809999992,1,10,test_time_voting,0,majority,3,0,0,3
3,5,1.0,checkpoints/sudoku_extreme_hf/checkpoint,0,1,blanks_5,447.4366809999992,1,10,test_time_voting,0,rerank,3,0,0,3
3,5,0.8148148148148148,checkpoints/sudoku_extreme_hf/checkpoint,12,1,blanks_5,446.2411209999999,0,11,test_time_voting,1,single,3,0,0,3
3,5,0.9753086419753086,checkpoints/sudoku_extreme_hf/checkpoint,1,0,blanks_5,446.2411209999999,0,11,test_time_voting,1,majority,3,0,6,3
3,5,1.0,checkpoints/sudoku_extreme_hf/checkpoint,0,1,blanks_5,446.2411209999999,1,11,test_time_voting,0,rerank,3,0,0,3
3,5,0.9259259259259259,checkpoints/sudoku_extreme_hf/checkpoint,5,1,blanks_5,469.25680499998634,0,12,test_time_voting,1,single,3,0,0,3
3,5,0.9876543209876543,checkpoints/sudoku_extreme_hf/checkpoint,1,0,blanks_5,469.25680499998634,0,12,test_time_voting,1,majority,3,0,3,3
3,5,1.0,checkpoints/sudoku_extreme_hf/checkpoint,0,1,blanks_5,469.25680499998634,1,12,test_time_voting,0,rerank,3,0,0,3
3,5,0.654320987654321,checkpoints/sudoku_extreme_hf/checkpoint,26,0,blanks_5,398.71705100000554,0,13,test_time_voting,1,single,3,0,13,3
3,5,1.0,checkpoints/sudoku_extreme_hf/checkpoint,0,1,blanks_5,398.71705100000554,1,13,test_time_voting,0,majority,3,0,0,3
3,5,1.0,checkpoints/sudoku_extreme_hf/checkpoint,0,1,blanks_5,398.71705100000554,1,13,test_time_voting,0,rerank,3,0,0,3
3,5,1.0,checkpoints/sudoku_extreme_hf/checkpoint,0,1,blanks_5,436.1679900000013,1,14,test_time_voting,0,single,3,0,0,3
3,5,1.0,checkpoints/sudoku_extreme_hf/checkpoint,0,1,blanks_5,436.1679900000013,1,14,test_time_voting,0,majority,3,0,0,3
3,5,1.0,checkpoints/sudoku_extreme_hf/checkpoint,0,1,blanks_5,436.1679900000013,1,14,test_time_voting,0,rerank,3,0,0,3
3,5,0.7777777777777778,checkpoints/sudoku_extreme_hf/checkpoint,16,1,blanks_5,445.42926799999805,0,15,test_time_voting,1,single,3,0,0,3
3,5,0.9382716049382716,checkpoints/sudoku_extreme_hf/checkpoint,5,0,blanks_5,445.42926799999805,0,15,test_time_voting,1,majority,3,0,9,3
3,5,1.0,checkpoints/sudoku_extreme_hf/checkpoint,0,1,blanks_5,445.42926799999805,1,15,test_time_voting,0,rerank,3,0,0,3
3,10,1.0,checkpoints/sudoku_extreme_hf/checkpoint,0,1,blanks_10,410.1831560000022,1,0,test_time_voting,0,single,3,0,0,3
3,10,1.0,checkpoints/sudoku_extreme_hf/checkpoint,0,1,blanks_10,410.1831560000022,1,0,test_time_voting,0,majority,3,0,0,3
3,10,1.0,checkpoints/sudoku_extreme_hf/checkpoint,0,1,blanks_10,410.1831560000022,1,0,test_time_voting,0,rerank,3,0,0,3
3,10,1.0,checkpoints/sudoku_extreme_hf/checkpoint,0,1,blanks_10,439.1355059999995,1,1,test_time_voting,0,single,3,0,0,3
3,10,1.0,checkpoints/sudoku_extreme_hf/checkpoint,0,1,blanks_10,439.1355059999995,1,1,test_time_voting,0,majority,3,0,0,3
3,10,1.0,checkpoints/sudoku_extreme_hf/checkpoint,0,1,blanks_10,439.1355059999995,1,1,test_time_voting,0,rerank,3,0,0,3
3,10,1.0,checkpoints/sudoku_extreme_hf/checkpoint,0,1,blanks_10,444.4881969999983,1,2,test_time_voting,0,single,3,0,0,3
3,10,1.0,checkpoints/sudoku_extreme_hf/checkpoint,0,1,blanks_10,444.4881969999983,1,2,test_time_voting,0,majority,3,0,0,3
3,10,1.0,checkpoints/sudoku_extreme_hf/checkpoint,0,1,blanks_10,444.4881969999983,1,2,test_time_voting,0,rerank,3,0,0,3
3,10,1.0,checkpoints/sudoku_extreme_hf/checkpoint,0,1,blanks_10,392.4801980000012,1,3,test_time_voting,0,single,3,0,0,3
3,10,1.0,checkpoints/sudoku_extreme_hf/checkpoint,0,1,blanks_10,392.4801980000012,1,3,test_time_voting,0,majority,3,0,0,3
3,10,1.0,checkpoints/sudoku_extreme_hf/checkpoint,0,1,blanks_10,392.4801980000012,1,3,test_time_voting,0,rerank,3,0,0,3
3,10,0.9506172839506173,checkpoints/sudoku_extreme_hf/checkpoint,2,1,blanks_10,439.35554100001184,0,4,test_time_voting,1,single,3,0,0,3
3,10,1.0,checkpoints/sudoku_extreme_hf/checkpoint,0,1,blanks_10,439.35554100001184,1,4,test_time_voting,0,majority,3,0,0,3
3,10,1.0,checkpoints/sudoku_extreme_hf/checkpoint,0,1,blanks_10,439.35554100001184,1,4,test_time_voting,0,rerank,3,0,0,3
3,10,1.0,checkpoints/sudoku_extreme_hf/checkpoint,0,1,blanks_10,373.61198300000353,1,5,test_time_voting,0,single,3,0,0,3
3,10,1.0,checkpoints/sudoku_extreme_hf/checkpoint,0,1,blanks_10,373.61198300000353,1,5,test_time_voting,0,majority,3,0,0,3
3,10,1.0,checkpoints/sudoku_extreme_hf/checkpoint,0,1,blanks_10,373.61198300000353,1,5,test_time_voting,0,rerank,3,0,0,3
3,10,1.0,checkpoints/sudoku_extreme_hf/checkpoint,0,1,blanks_10,397.862779999997,1,6,test_time_voting,0,single,3,0,0,3
3,10,1.0,checkpoints/sudoku_extreme_hf/checkpoint,0,1,blanks_10,397.862779999997,1,6,test_time_voting,0,majority,3,0,0,3
3,10,1.0,checkpoints/sudoku_extreme_hf/checkpoint,0,1,blanks_10,397.862779999997,1,6,test_time_voting,0,rerank,3,0,0,3
3,10,1.0,checkpoints/sudoku_extreme_hf/checkpoint,0,1,blanks_10,356.54405200000383,1,7,test_time_voting,0,single,3,0,0,3
3,10,1.0,checkpoints/sudoku_extreme_hf/checkpoint,0,1,blanks_10,356.54405200000383,1,7,test_time_voting,0,majority,3,0,0,3
3,10,1.0,checkpoints/sudoku_extreme_hf/checkpoint,0,1,blanks_10,356.54405200000383,1,7,test_time_voting,0,rerank,3,0,0,3
3,10,1.0,checkpoints/sudoku_extreme_hf/checkpoint,0,1,blanks_10,353.57644900000196,1,8,test_time_voting,0,single,3,0,0,3
3,10,1.0,checkpoints/sudoku_extreme_hf/checkpoint,0,1,blanks_10,353.57644900000196,1,8,test_time_voting,0,majority,3,0,0,3
3,10,1.0,checkpoints/sudoku_extreme_hf/checkpoint,0,1,blanks_10,353.57644900000196,1,8,test_time_voting,0,rerank,3,0,0,3
3,10,1.0,checkpoints/sudoku_extreme_hf/checkpoint,0,1,blanks_10,349.005993999981,1,9,test_time_voting,0,single,3,0,0,3
3,10,1.0,checkpoints/sudoku_extreme_hf/checkpoint,0,1,blanks_10,349.005993999981,1,9,test_time_voting,0,majority,3,0,0,3
3,10,1.0,checkpoints/sudoku_extreme_hf/checkpoint,0,1,blanks_10,349.005993999981,1,9,test_time_voting,0,rerank,3,0,0,3
3,10,1.0,checkpoints/sudoku_extreme_hf/checkpoint,0,1,blanks_10,391.3324659999944,1,10,test_time_voting,0,single,3,0,0,3
3,10,1.0,checkpoints/sudoku_extreme_hf/checkpoint,0,1,blanks_10,391.3324659999944,1,10,test_time_voting,0,majority,3,0,0,3
3,10,1.0,checkpoints/sudoku_extreme_hf/checkpoint,0,1,blanks_10,391.3324659999944,1,10,test_time_voting,0,rerank,3,0,0,3
3,10,1.0,checkpoints/sudoku_extreme_hf/checkpoint,0,1,blanks_10,376.5261910000106,1,11,test_time_voting,0,single,3,0,0,3
3,10,1.0,checkpoints/sudoku_extreme_hf/checkpoint,0,1,blanks_10,376.5261910000106,1,11,test_time_voting,0,majority,3,0,0,3
3,10,1.0,checkpoints/sudoku_extreme_hf/checkpoint,0,1,blanks_10,376.5261910000106,1,11,test_time_voting,0,rerank,3,0,0,3
3,10,1.0,checkpoints/sudoku_extreme_hf/checkpoint,0,1,blanks_10,352.206998000014,1,12,test_time_voting,0,single,3,0,0,3
3,10,1.0,checkpoints/sudoku_extreme_hf/checkpoint,0,1,blanks_10,352.206998000014,1,12,test_time_voting,0,majority,3,0,0,3
3,10,1.0,checkpoints/sudoku_extreme_hf/checkpoint,0,1,blanks_10,352.206998000014,1,12,test_time_voting,0,rerank,3,0,0,3
3,10,1.0,checkpoints/sudoku_extreme_hf/checkpoint,0,1,blanks_10,369.6256640000115,1,13,test_time_voting,0,single,3,0,0,3
3,10,1.0,checkpoints/sudoku_extreme_hf/checkpoint,0,1,blanks_10,369.6256640000115,1,13,test_time_voting,0,majority,3,0,0,3
3,10,1.0,checkpoints/sudoku_extreme_hf/checkpoint,0,1,blanks_10,369.6256640000115,1,13,test_time_voting,0,rerank,3,0,0,3
3,10,1.0,checkpoints/sudoku_extreme_hf/checkpoint,0,1,blanks_10,362.2010070000101,1,14,test_time_voting,0,single,3,0,0,3
3,10,1.0,checkpoints/sudoku_extreme_hf/checkpoint,0,1,blanks_10,362.2010070000101,1,14,test_time_voting,0,majority,3,0,0,3
3,10,1.0,checkpoints/sudoku_extreme_hf/checkpoint,0,1,blanks_10,362.2010070000101,1,14,test_time_voting,0,rerank,3,0,0,3
3,10,1.0,checkpoints/sudoku_extreme_hf/checkpoint,0,1,blanks_10,355.67386700000725,1,15,test_time_voting,0,single,3,0,0,3
3,10,1.0,checkpoints/sudoku_extreme_hf/checkpoint,0,1,blanks_10,355.67386700000725,1,15,test_time_voting,0,majority,3,0,0,3
3,10,1.0,checkpoints/sudoku_extreme_hf/checkpoint,0,1,blanks_10,355.67386700000725,1,15,test_time_voting,0,rerank,3,0,0,3
3,20,1.0,checkpoints/sudoku_extreme_hf/checkpoint,0,1,blanks_20,376.0335510000061,1,0,test_time_voting,0,single,3,0,0,3
3,20,1.0,checkpoints/sudoku_extreme_hf/checkpoint,0,1,blanks_20,376.0335510000061,1,0,test_time_voting,0,majority,3,0,0,3
3,20,1.0,checkpoints/sudoku_extreme_hf/checkpoint,0,1,blanks_20,376.0335510000061,1,0,test_time_voting,0,rerank,3,0,0,3
3,20,1.0,checkpoints/sudoku_extreme_hf/checkpoint,0,1,blanks_20,364.0394540000216,1,1,test_time_voting,0,single,3,0,0,3
3,20,1.0,checkpoints/sudoku_extreme_hf/checkpoint,0,1,blanks_20,364.0394540000216,1,1,test_time_voting,0,majority,3,0,0,3
3,20,1.0,checkpoints/sudoku_extreme_hf/checkpoint,0,1,blanks_20,364.0394540000216,1,1,test_time_voting,0,rerank,3,0,0,3
3,20,1.0,checkpoints/sudoku_extreme_hf/checkpoint,0,1,blanks_20,381.54782699999146,1,2,test_time_voting,0,single,3,0,0,3
3,20,1.0,checkpoints/sudoku_extreme_hf/checkpoint,0,1,blanks_20,381.54782699999146,1,2,test_time_voting,0,majority,3,0,0,3
3,20,1.0,checkpoints/sudoku_extreme_hf/checkpoint,0,1,blanks_20,381.54782699999146,1,2,test_time_voting,0,rerank,3,0,0,3
3,20,1.0,checkpoints/sudoku_extreme_hf/checkpoint,0,1,blanks_20,378.2532280000055,1,3,test_time_voting,0,single,3,0,0,3
3,20,1.0,checkpoints/sudoku_extreme_hf/checkpoint,0,1,blanks_20,378.2532280000055,1,3,test_time_voting,0,majority,3,0,0,3
3,20,1.0,checkpoints/sudoku_extreme_hf/checkpoint,0,1,blanks_20,378.2532280000055,1,3,test_time_voting,0,rerank,3,0,0,3
3,20,1.0,checkpoints/sudoku_extreme_hf/checkpoint,0,1,blanks_20,373.3818890000009,1,4,test_time_voting,0,single,3,0,0,3
3,20,1.0,checkpoints/sudoku_extreme_hf/checkpoint,0,1,blanks_20,373.3818890000009,1,4,test_time_voting,0,majority,3,0,0,3
3,20,1.0,checkpoints/sudoku_extreme_hf/checkpoint,0,1,blanks_20,373.3818890000009,1,4,test_time_voting,0,rerank,3,0,0,3
3,20,1.0,checkpoints/sudoku_extreme_hf/checkpoint,0,1,blanks_20,380.3111850000107,1,5,test_time_voting,0,single,3,0,0,3
3,20,1.0,checkpoints/sudoku_extreme_hf/checkpoint,0,1,blanks_20,380.3111850000107,1,5,test_time_voting,0,majority,3,0,0,3
3,20,1.0,checkpoints/sudoku_extreme_hf/checkpoint,0,1,blanks_20,380.3111850000107,1,5,test_time_voting,0,rerank,3,0,0,3
3,20,1.0,checkpoints/sudoku_extreme_hf/checkpoint,0,1,blanks_20,365.48679700001685,1,6,test_time_voting,0,single,3,0,0,3
3,20,1.0,checkpoints/sudoku_extreme_hf/checkpoint,0,1,blanks_20,365.48679700001685,1,6,test_time_voting,0,majority,3,0,0,3
3,20,1.0,checkpoints/sudoku_extreme_hf/checkpoint,0,1,blanks_20,365.48679700001685,1,6,test_time_voting,0,rerank,3,0,0,3
3,20,1.0,checkpoints/sudoku_extreme_hf/checkpoint,0,1,blanks_20,369.601839000012,1,7,test_time_voting,0,single,3,0,0,3
3,20,1.0,checkpoints/sudoku_extreme_hf/checkpoint,0,1,blanks_20,369.601839000012,1,7,test_time_voting,0,majority,3,0,0,3
3,20,1.0,checkpoints/sudoku_extreme_hf/checkpoint,0,1,blanks_20,369.601839000012,1,7,test_time_voting,0,rerank,3,0,0,3
3,20,1.0,checkpoints/sudoku_extreme_hf/checkpoint,0,1,blanks_20,400.4414310000186,1,8,test_time_voting,0,single,3,0,0,3
3,20,1.0,checkpoints/sudoku_extreme_hf/checkpoint,0,1,blanks_20,400.4414310000186,1,8,test_time_voting,0,majority,3,0,0,3
3,20,1.0,checkpoints/sudoku_extreme_hf/checkpoint,0,1,blanks_20,400.4414310000186,1,8,test_time_voting,0,rerank,3,0,0,3
3,20,1.0,checkpoints/sudoku_extreme_hf/checkpoint,0,1,blanks_20,395.3928210000015,1,9,test_time_voting,0,single,3,0,0,3
3,20,1.0,checkpoints/sudoku_extreme_hf/checkpoint,0,1,blanks_20,395.3928210000015,1,9,test_time_voting,0,majority,3,0,0,3
3,20,1.0,checkpoints/sudoku_extreme_hf/checkpoint,0,1,blanks_20,395.3928210000015,1,9,test_time_voting,0,rerank,3,0,0,3
3,20,1.0,checkpoints/sudoku_extreme_hf/checkpoint,0,1,blanks_20,393.34432599997626,1,10,test_time_voting,0,single,3,0,0,3
3,20,1.0,checkpoints/sudoku_extreme_hf/checkpoint,0,1,blanks_20,393.34432599997626,1,10,test_time_voting,0,majority,3,0,0,3
3,20,1.0,checkpoints/sudoku_extreme_hf/checkpoint,0,1,blanks_20,393.34432599997626,1,10,test_time_voting,0,rerank,3,0,0,3
3,20,1.0,checkpoints/sudoku_extreme_hf/checkpoint,0,1,blanks_20,387.0957809999993,1,11,test_time_voting,0,single,3,0,0,3
3,20,1.0,checkpoints/sudoku_extreme_hf/checkpoint,0,1,blanks_20,387.0957809999993,1,11,test_time_voting,0,majority,3,0,0,3
3,20,1.0,checkpoints/sudoku_extreme_hf/checkpoint,0,1,blanks_20,387.0957809999993,1,11,test_time_voting,0,rerank,3,0,0,3
3,20,1.0,checkpoints/sudoku_extreme_hf/checkpoint,0,1,blanks_20,395.8358739999994,1,12,test_time_voting,0,single,3,0,0,3
3,20,1.0,checkpoints/sudoku_extreme_hf/checkpoint,0,1,blanks_20,395.8358739999994,1,12,test_time_voting,0,majority,3,0,0,3
3,20,1.0,checkpoints/sudoku_extreme_hf/checkpoint,0,1,blanks_20,395.8358739999994,1,12,test_time_voting,0,rerank,3,0,0,3
3,20,1.0,checkpoints/sudoku_extreme_hf/checkpoint,0,1,blanks_20,363.63823499999626,1,13,test_time_voting,0,single,3,0,0,3
3,20,1.0,checkpoints/sudoku_extreme_hf/checkpoint,0,1,blanks_20,363.63823499999626,1,13,test_time_voting,0,majority,3,0,0,3
3,20,1.0,checkpoints/sudoku_extreme_hf/checkpoint,0,1,blanks_20,363.63823499999626,1,13,test_time_voting,0,rerank,3,0,0,3
3,20,1.0,checkpoints/sudoku_extreme_hf/checkpoint,0,1,blanks_20,367.2190019999846,1,14,test_time_voting,0,single,3,0,0,3
3,20,1.0,checkpoints/sudoku_extreme_hf/checkpoint,0,1,blanks_20,367.2190019999846,1,14,test_time_voting,0,majority,3,0,0,3
3,20,1.0,checkpoints/sudoku_extreme_hf/checkpoint,0,1,blanks_20,367.2190019999846,1,14,test_time_voting,0,rerank,3,0,0,3
3,20,1.0,checkpoints/sudoku_extreme_hf/checkpoint,0,1,blanks_20,388.9248370000189,1,15,test_time_voting,0,single,3,0,0,3
3,20,1.0,checkpoints/sudoku_extreme_hf/checkpoint,0,1,blanks_20,388.9248370000189,1,15,test_time_voting,0,majority,3,0,0,3
3,20,1.0,checkpoints/sudoku_extreme_hf/checkpoint,0,1,blanks_20,388.9248370000189,1,15,test_time_voting,0,rerank,3,0,0,3
3,40,1.0,checkpoints/sudoku_extreme_hf/checkpoint,0,1,blanks_40,436.00929100000485,1,0,test_time_voting,0,single,3,0,0,3
3,40,1.0,checkpoints/sudoku_extreme_hf/checkpoint,0,1,blanks_40,436.00929100000485,1,0,test_time_voting,0,majority,3,0,0,3
3,40,1.0,checkpoints/sudoku_extreme_hf/checkpoint,0,1,blanks_40,436.00929100000485,1,0,test_time_voting,0,rerank,3,0,0,3
3,40,1.0,checkpoints/sudoku_extreme_hf/checkpoint,0,1,blanks_40,369.51818000000003,1,1,test_time_voting,0,single,3,0,0,3
3,40,1.0,checkpoints/sudoku_extreme_hf/checkpoint,0,1,blanks_40,369.51818000000003,1,1,test_time_voting,0,majority,3,0,0,3
3,40,1.0,checkpoints/sudoku_extreme_hf/checkpoint,0,1,blanks_40,369.51818000000003,1,1,test_time_voting,0,rerank,3,0,0,3
3,40,1.0,checkpoints/sudoku_extreme_hf/checkpoint,0,1,blanks_40,450.31644400000914,1,2,test_time_voting,0,single,3,0,0,3
3,40,1.0,checkpoints/sudoku_extreme_hf/checkpoint,0,1,blanks_40,450.31644400000914,1,2,test_time_voting,0,majority,3,0,0,3
3,40,1.0,checkpoints/sudoku_extreme_hf/checkpoint,0,1,blanks_40,450.31644400000914,1,2,test_time_voting,0,rerank,3,0,0,3
3,40,1.0,checkpoints/sudoku_extreme_hf/checkpoint,0,1,blanks_40,379.79346399998803,1,3,test_time_voting,0,single,3,0,0,3
3,40,1.0,checkpoints/sudoku_extreme_hf/checkpoint,0,1,blanks_40,379.79346399998803,1,3,test_time_voting,0,majority,3,0,0,3
3,40,1.0,checkpoints/sudoku_extreme_hf/checkpoint,0,1,blanks_40,379.79346399998803,1,3,test_time_voting,0,rerank,3,0,0,3
3,40,1.0,checkpoints/sudoku_extreme_hf/checkpoint,0,1,blanks_40,347.5472140000022,1,4,test_time_voting,0,single,3,0,0,3
3,40,1.0,checkpoints/sudoku_extreme_hf/checkpoint,0,1,blanks_40,347.5472140000022,1,4,test_time_voting,0,majority,3,0,0,3
3,40,1.0,checkpoints/sudoku_extreme_hf/checkpoint,0,1,blanks_40,347.5472140000022,1,4,test_time_voting,0,rerank,3,0,0,3
3,40,1.0,checkpoints/sudoku_extreme_hf/checkpoint,0,1,blanks_40,374.227368000021,1,5,test_time_voting,0,single,3,0,0,3
3,40,1.0,checkpoints/sudoku_extreme_hf/checkpoint,0,1,blanks_40,374.227368000021,1,5,test_time_voting,0,majority,3,0,0,3
3,40,1.0,checkpoints/sudoku_extreme_hf/checkpoint,0,1,blanks_40,374.227368000021,1,5,test_time_voting,0,rerank,3,0,0,3
3,40,1.0,checkpoints/sudoku_extreme_hf/checkpoint,0,1,blanks_40,354.7703819999981,1,6,test_time_voting,0,single,3,0,0,3
3,40,1.0,checkpoints/sudoku_extreme_hf/checkpoint,0,1,blanks_40,354.7703819999981,1,6,test_time_voting,0,majority,3,0,0,3
3,40,1.0,checkpoints/sudoku_extreme_hf/checkpoint,0,1,blanks_40,354.7703819999981,1,6,test_time_voting,0,rerank,3,0,0,3
3,40,1.0,checkpoints/sudoku_extreme_hf/checkpoint,0,1,blanks_40,379.56629699999667,1,7,test_time_voting,0,single,3,0,0,3
3,40,1.0,checkpoints/sudoku_extreme_hf/checkpoint,0,1,blanks_40,379.56629699999667,1,7,test_time_voting,0,majority,3,0,0,3
3,40,1.0,checkpoints/sudoku_extreme_hf/checkpoint,0,1,blanks_40,379.56629699999667,1,7,test_time_voting,0,rerank,3,0,0,3
3,40,1.0,checkpoints/sudoku_extreme_hf/checkpoint,0,1,blanks_40,354.58313600000224,1,8,test_time_voting,0,single,3,0,0,3
3,40,1.0,checkpoints/sudoku_extreme_hf/checkpoint,0,1,blanks_40,354.58313600000224,1,8,test_time_voting,0,majority,3,0,0,3
3,40,1.0,checkpoints/sudoku_extreme_hf/checkpoint,0,1,blanks_40,354.58313600000224,1,8,test_time_voting,0,rerank,3,0,0,3
3,40,1.0,checkpoints/sudoku_extreme_hf/checkpoint,0,1,blanks_40,360.3072250000139,1,9,test_time_voting,0,single,3,0,0,3
3,40,1.0,checkpoints/sudoku_extreme_hf/checkpoint,0,1,blanks_40,360.3072250000139,1,9,test_time_voting,0,majority,3,0,0,3
3,40,1.0,checkpoints/sudoku_extreme_hf/checkpoint,0,1,blanks_40,360.3072250000139,1,9,test_time_voting,0,rerank,3,0,0,3
3,40,1.0,checkpoints/sudoku_extreme_hf/checkpoint,0,1,blanks_40,371.58494199999836,1,10,test_time_voting,0,single,3,0,0,3
3,40,1.0,checkpoints/sudoku_extreme_hf/checkpoint,0,1,blanks_40,371.58494199999836,1,10,test_time_voting,0,majority,3,0,0,3
3,40,1.0,checkpoints/sudoku_extreme_hf/checkpoint,0,1,blanks_40,371.58494199999836,1,10,test_time_voting,0,rerank,3,0,0,3
3,40,1.0,checkpoints/sudoku_extreme_hf/checkpoint,0,1,blanks_40,364.3050169999924,1,11,test_time_voting,0,single,3,0,0,3
3,40,1.0,checkpoints/sudoku_extreme_hf/checkpoint,0,1,blanks_40,364.3050169999924,1,11,test_time_voting,0,majority,3,0,0,3
3,40,1.0,checkpoints/sudoku_extreme_hf/checkpoint,0,1,blanks_40,364.3050169999924,1,11,test_time_voting,0,rerank,3,0,0,3
3,40,1.0,checkpoints/sudoku_extreme_hf/checkpoint,0,1,blanks_40,374.2486900000017,1,12,test_time_voting,0,single,3,0,0,3
3,40,1.0,checkpoints/sudoku_extreme_hf/checkpoint,0,1,blanks_40,374.2486900000017,1,12,test_time_voting,0,majority,3,0,0,3
3,40,1.0,checkpoints/sudoku_extreme_hf/checkpoint,0,1,blanks_40,374.2486900000017,1,12,test_time_voting,0,rerank,3,0,0,3
3,40,1.0,checkpoints/sudoku_extreme_hf/checkpoint,0,1,blanks_40,344.1869680000025,1,13,test_time_voting,0,single,3,0,0,3
3,40,1.0,checkpoints/sudoku_extreme_hf/checkpoint,0,1,blanks_40,344.1869680000025,1,13,test_time_voting,0,majority,3,0,0,3
3,40,1.0,checkpoints/sudoku_extreme_hf/checkpoint,0,1,blanks_40,344.1869680000025,1,13,test_time_voting,0,rerank,3,0,0,3
3,40,1.0,checkpoints/sudoku_extreme_hf/checkpoint,0,1,blanks_40,372.2092750000172,1,14,test_time_voting,0,single,3,0,0,3
3,40,1.0,checkpoints/sudoku_extreme_hf/checkpoint,0,1,blanks_40,372.2092750000172,1,14,test_time_voting,0,majority,3,0,0,3
3,40,1.0,checkpoints/sudoku_extreme_hf/checkpoint,0,1,blanks_40,372.2092750000172,1,14,test_time_voting,0,rerank,3,0,0,3
3,40,1.0,checkpoints/sudoku_extreme_hf/checkpoint,0,1,blanks_40,378.8447179999821,1,15,test_time_voting,0,single,3,0,0,3
3,40,1.0,checkpoints/sudoku_extreme_hf/checkpoint,0,1,blanks_40,378.8447179999821,1,15,test_time_voting,0,majority,3,0,0,3
3,40,1.0,checkpoints/sudoku_extreme_hf/checkpoint,0,1,blanks_40,378.8447179999821,1,15,test_time_voting,0,rerank,3,0,0,3
